Sales;1432235674;magnis.dis@elita.co.uk;30/12/2020;Mi Lacinia Mattis Institute;4331 Proin Street
Research & Development;2431473896;consectetuer@nonarcu.co.uk;15/06/2020;Mi Lorem Incorporated;Ap #180-3063 Molestie Rd.
Human Resources;1342269360;Sed.molestie.Sed@nibhDonecest.org;23/05/2020;Magna Sed Eu Company;158-8636 Nam Avenue
IT;1352479046;elementum@penatibusetmagnis.org;29/09/2020;Accumsan Limited;509-1001 Dictum Avenue
Marketing;3627834057;nascetur.ridiculus@nascetur.ca;01/03/2021;Odio PC;P.O. Box 410, 7612 Orci, Street
Customer Service;2369045632;Phasellus@ullamcorper.net;17/11/2020;Magna Nec Institute;Ap #710-481 Orci Ave
Production;9013540267;Sed.et@libero.org;13/07/2020;Euismod In Corporation;150-6615 Erat Rd.
Designer;4302940032;eu@felispurusac.net;23/12/2020;Pede Nec Corp.;P.O. Box 603, 8462 Gravida Ave
Administration;4529511780;egestas.Duis@gravida.edu;23/08/2020;Odio PC;P.O. Box 410, 7612 Orci, Street
Finances;1435824095;posuere.vulputate.lacus@Aliquamultricesiaculis.net;01/12/2018;Placerat Eget Industries;3103 Phasellus Street
Purchasing;3710479345;arcu.Curabitur.ut@ipsum.com;23/06/2020;Massa Industries;391-8515 Cum St.
Public Relations;1254370458;est.congue.a@cursuset.org;01/04/2019;Placerat Orci Corp.;146-1373 Integer Ave