Ac Eleifend Vitae LLP;Ap #685-8642 Consectetuer St.
Accumsan Limited;509-1001 Dictum Avenue
Bibendum Donec Consulting;8195 Mauris Rd.
Donec Sollicitudin Adipiscing PC;Ap #574-9794 Proin Rd.
Eget Lacus Mauris Associates;271-6333 Turpis St.
Elit Aliquam LLP;1400 Mattis Av.
Elit Pellentesque A PC;Ap #273-5036 Sed Ave
Euismod In Corporation;150-6615 Erat Rd.
Facilisis Suspendisse Commodo Associates;919-2221 Vulputate Avenue
Lorem Ipsum Institute;P.O. Box 992, 2311 Sed, St.
Magna Nec Institute;Ap #710-481 Orci Ave
Magna Sed Eu Company;158-8636 Nam Avenue
Malesuada Id Erat Institute;5821 Tincidunt Road
Massa Industries;391-8515 Cum St.
Mauris Vestibulum Neque Incorporated;836-6322 Magna Rd.
Metus Sit Amet Institute;244-8816 Arcu. Avenue
Mi Lacinia Mattis Institute;4331 Proin Street
Mi Lorem Incorporated;Ap #180-3063 Molestie Rd.
Nulla Facilisi PC;P.O. Box 970, 2424 Varius Street
Odio PC;P.O. Box 410, 7612 Orci, Street
Pede Nec Corp.;P.O. Box 603, 8462 Gravida Ave
Per Conubia Consulting;Ap #757-2441 Felis Avenue
Placerat Eget Industries;3103 Phasellus Street
Placerat Orci Corp.;146-1373 Integer Ave
Rutrum Non LLC;Ap #323-7312 Hendrerit Street
Sed Limited;P.O. Box 697, 5411 Diam Rd.
Sit Amet Risus Limited;260-2505 Rutrum Road
Sodales Limited;504-3411 Augue Rd.
Tincidunt LLP;9695 Amet, Rd.
Tortor Integer Aliquam Consulting;P.O. Box 475, 4399 Dignissim Rd.